artist_name,artist_country
The Meatmen,United States
Memphis Minnie,United States
Call To Preserve,United States
Grand Funk,United States
3OH!3,United States
Ross,Indonesia
Bersuit Vergarabat,Argentina
BT,United States
Britney Spears,United States
Yellowcard,United States
The Disposable Heroes Of Hiphoprisy,United States
Roy Drusky,United States
Alex Ubago,Spain
D'Molls,United States
Fudge Tunnel,United Kingdom
Ximena Sarinana,Mexico
Mississippi Fred McDowell,United States
The Lord Weird Slough Feg,United States
Reach 454,United States
Die Symphony,United States
Charlie Rich,United States
Why?,United States
Uphill Battle,United States
Dilated Peoples,United States
Frank Chacksfield,United Kingdom
Danilo Perez,Panama
Mouth Of The Architect,United States
Helmet,United States
Erik Berglund,United States
Illya Kuryaki And The Valderramas,United States
Slipknot,United States
Derek Bell,United Kingdom
Jason Miles,United States
The Master Musicians of Jajouka featuring Bachir Attar,United Kingdom
Gene Pitney,United States
Neil Innes,United Kingdom
Gary Morris,United States
Wayne Kramer,United States
Catherine Howe,United Kingdom
Marvin Hamlisch,United States
Ronnie Drew,Ireland
Billie Jo Spears,United States
Disco D,United States
Beat Pharmacy,United States
Dave Baby Cortez,United States
Republica;Jonny Male;Dave Arch,United Kingdom
The Chieftains;Colin James,Ireland
The Products,United States
Truckfighters,Sweden
Rocky Hill,Germany
The Berzerker,Australia
Doug MacLeod,United States
Richard Smith,United States
Rhian Benson,Ghana
The Red Telephone,United States
Drexel,United States
Buzzcocks,United Kingdom
Ricardo Lemvo,United States
The Clash,United Kingdom
Eddy Arnold,United States
Poptart Monkeys,United States
Chaka Demus & Pliers,Jamaica
John Tchicai,Denmark
Kruger,Switzerland
Donnie Brooks,United States
Sick Puppies,United States
The Bucketheads,United States
Bob Neuwirth,United States
Alice Cooper,United States
Helen O'Connell,United States
Wendy Moten,United States
Electric Light Orchestra,United Kingdom
Pat Metheny,United States
Statues,Canada
Telecast,United States
Prince With 94 East,United States
Diesel Boy,United States
Joanna Connor,United States
First Blood,United States
James Last,Germany
Jo-El Sonnier,United States
Mongo Santamaria,Cuba
Skrape,United States
Angelo Badalamenti,United States
El Gran Combo De Puerto Rico,United States
De La Soul / MF Doom,United States
Vince Guaraldi Trio,United States
Incubus,United States
Fastball,United States
Chris Eaton,United States
Lauren Wood,United States
Kira,Germany
Rod Piazza & The Mighty Flyers,United States
The Animals_ Sonny Boy Williamson,United Kingdom
Danny Wright,United States
Jefferson Starship,United States
Terry Riley,United States
Kane,United States
I Nuovi Angeli,United States
Noah Lewis,United States
John Wesley,United States
Suicide,United States
Cadet,United States
Bumblefoot,United States
Patton Oswalt,United States
Ms. Dynamite / Bounty Killer,United Kingdom
Marty Robbins,United States
Shanadoo,Japan
The American Boychoir,United States
Al Dexter,United States
Otis Spann,United States
Sir Douglas Quintet,United States
Les Blaireaux,France
YGGDRASIL,Sweden
Year Long Disaster,United States
Jeff Johnson,United States
Dax Riggs,United States
Roy Roberts,United States
Basic Channel,Germany
Wesley Tuttle,United States
Old Man's Child,Kingdom of Norway
Legacy Five,United States
James Carter,United States
Barbara Fairchild,United States
Jaydee,United States
Francis Dunnery,United Kingdom
Ethel Merman,United States
Fran Perea,Spain
David Robertson,Australia
Cece Winans,United States
Robin Frederick,United States
Donna Fargo,United States
The Tokens,United States
Renato Borghetti,Brazil
Valient Thorr,United States
Laid Back,Denmark
Oceansize,United Kingdom
The Jordanaires,United States
Wet Wet Wet,United Kingdom
Bombay Rockers,Denmark
Wilshire,United States
Savoy Brown,United Kingdom
Lighthouse Family,United Kingdom
Connie Francis,United States
Marilyn Horne / Wiener Opernorchester / Henry Lewis,United Kingdom
Kai Winding,Denmark
Gian Marco,Peru
Cartel,United States
Papoose,United States
Chet Atkins,United States
Sophie Tucker,Russia
Abijah,Jamaica
Johannes Linstead,Canada
Jim Kweskin,United States
Gall_ France,France
Darko,United States
Backstreet Boys,United States
L7,United States
Dann Huff,United States
OutKast,United States
Sivuca,Brazil
Ministry of Sound,France
Radio Moscow,United States
Sinch,United States
deadboy & the Elephantmen,United States
Humanzi,Ireland
Horace Andy,Jamaica
Sanna Nielsen,Sweden
Michelle Wright,Canada
Jacques Dutronc,France
Kix,United States
Atari Teenage Riot,Germany
Patience Dabany,United States
Vulture Industries,Kingdom of Norway
Gloria,Bulgaria
Little Freddie King,United States
Dr. Elmo,United States
Bad Religion,United States
Kellie Coffey,United States
SUE THOMPSON,United States
D:Fuse,United States
Saigon Kick,United States
Richard Burton,United States
Wamdue Project,United States
Moonspell,Portugal
The Fray,United States
Mat Kearney,United States
Indica,Finland
Zapp,United States
Strata,United States
Off Broadway,United States
Soular,United States
Mink DeVille,United States
Gisselle,Puerto Rico
Paramore,United States
Ellen McIlwaine,United States
Dionne Warwick,United States
Bow Wow Wow,United Kingdom
Death From Above 1979,Brazil
Shelly Manne,United States
Buddy Johnson,United States
Saga,Canada
Kenny Neal,United States
Bobby Russell,United States
The Cannanes,Australia
The Red Jumpsuit Apparatus,United States
Jack Sheldon,United States
Alicia Keys,United States
Anthony Cruz,Jamaica
Renee Rosnes,Canada
Swallow The Sun,Finland
Judas Iscariot,United States
Gary Moore,United Kingdom
Lightnin' Slim,United States
The Balustrade Ensemble,United States
Tampa Red,United States
Carpenters,United States
J. B. Lenoir,United States
The Tarriers,United States
The Cat's Miaow,Australia
Slightly Stoopid,United States
Falco,Austria
Kuba,Latvia
Chris Clark,United States
Joe Heaney,United States
Elena,Czech Republic
Britt Nicole,United States
SOL,United States
Edwin Hawkins,United States
Bruce Robison,United States
Heaven 17,United Kingdom
Soundgarden,United States
SNAP!,Germany
Eastmountainsouth,United States
Luisito Rosario,United States
Chantal Chamandy,Egypt
Cornell Campbell,Jamaica
VHS Or Beta,United States
Big Mountain,United States
Jim Kweskin_ The Jug Band,United States
John D. Loudermilk,United States
Soulwax,Belgium
The Continentals,United States
Robert Lockwood_ Jr.,United States
Edgar Bori,Canada
Polkaholix,Germany
The Jeremy Spencer Band,United Kingdom
SUMO,United States
Al De Lory,United States
Sonny Terry,United States
Markus,United States
Earl Hooker,United States
Tora Tora,United States
He Is Legend,United States
Rhinoceros,United Kingdom
David Evans,United States
Midge Ure,United Kingdom
KALIMBA,Mexico
Ned Miller,United States
Roy Buchanan,United States
Russ Morgan,United States
Stimulator,United States
Bobby Pulido,United States
Ec8or,Germany
Matisyahu,United States
Justo Almario,United States
Mirah,United States
Event Horizon,Mexico
32 Leaves,United States
Danny Wilson,United Kingdom
The Frantic,United Kingdom
Grace Gale,United States
Sister Rosetta Tharpe,United States
Barry Mann,United States
Pierre Boulez,France
Chacho,United States
Suzi Quatro,United States
Little Feat,United States
Christian McBride,United States
The Beatles,United Kingdom
Jimmy Witherspoon,United States
Lexi,United States
Devanic,Austria
Joshua Rifkin,United States
Lennie Tristano,United States
Rance Allen Group,United States
Johnny Pacheco,Dominican Republic
Mikey Dread,Jamaica
Little Milton,United States
Robben Ford,United States
Anthony Blea Y Su Charanga,United States
Tijuana Hercules,United States
Rod Bernard,United States
Henry Lee Summer,United States
The Equals,United Kingdom
Gus Cannon,United States
Jean-Jacques Goldman,France
Between The Buried And Me,United States
Danny Barnes,United States
bel canto,Kingdom of Norway
Charlie McCoy,United States
Russell Malone,United States
Tyrone Wells,United States
Sade,Nigeria
Debbie Davies,United States
Henri Pousseur,Belgium
Amilcar,United States
Groucho Marx,United States
Zuzu Bollin,United States
John Berry,United States
Leon Russel,United States
R.L. Burnside,United States
Musical Youth,United Kingdom
At All Cost,United States
Dark new Day,United States
DMZ,United States
Albert King,United States
Love Jones,United States
The Bronx Horns,United States
The Pharcyde / Big Boy / Schmooche Cat / Randy Mack,United States
Mary Black,Ireland
Cass Fox,United Kingdom
Washboard Sam,United States
David Raksin,United States
Precious Bryant,United States
Benny Spellman,United States
Clarence Fountain,United States
Loretta Lynn,United States
Suzanne Ciani,United States
Hellsongs,Sweden
Julio Iglesias Jr.,Spain
Pumpkin Buzzard,United States
Dexys Midnight Runners,United Kingdom
Lizzy Borden,United States
6CycleMind,Philippines
Glen Campbell,United States
Shai Hulud,United States
Andrae Crouch,United States
Rance Allen Group,United States
Elton Britt,United States
Dimitri Tiomkin,Ukraine
Go Fish,United States
Bruno Sanfilippo,Argentina
C.C. Adcock,United States
Motograter,United States
A Perfect Murder,United States
T-Bone Walker,United States
The Roots,United States
Total Fucking Destruction,United States
Ten Years After,United Kingdom
Étienne Daho,France
The White Stripes,United States
The Germs,United States
Dee Clark,United States
Jerry Butler,United States
Montrose,United States
Rory Block,United States
James Scott Skinner,United Kingdom
Caramell,Sweden
Bruce Springsteen,United States
Frost,United Kingdom
Roger Miller,United States
J.J. Cale,United States
Black Debbath,Kingdom of Norway
Mance Lipscomb,United States
Cassie,United States
Anita Kerr,United States
Joi,United States
Outerspace,United States
Blind Blake & The Royal Victoria Hotel Calypsos,United States
Arco Iris,Switzerland
Inspiral Carpets,United Kingdom
Scott Wesley Brown,United States
ColdWorld,Germany
Jan Howard,United States
Las Niñas,Canada
Gabriel Yared,Lebanon
Danny Williams,South Africa
Cassius Clay,United States
Willie Rosario,Puerto Rico
Sean Kingston,Jamaica
Darden Smith,United States
Abbott & Chambers,Egypt
Hunters,United Kingdom
The Raconteurs,United States
Aisha Duo,United States
The Strokes,United States
Bob Wills,United States
D.A.D.,Denmark
John Legend [feat. Buju Banton],United States
Cal Tjader,United States
Easy Star All-Stars,United States
Caspa,United Kingdom
To My Surprise,United States
James Darren,United States
Dub Wiser,Canada
John Brown,United States
Bukue One,United States
The Kitchen,Canada
This Moment,United States
Roger Sanchez,United States
Dan Hicks,United States
Snowgoons,Germany
GG Allin,United States
Charlie Haden & Chris Anderson,United States
Professor Longhair,United States
Guaco,Venezuela
Dottie Rambo_ The Whites,United States
Ben Sidran,United States
Bill Laswell,United States
Mind Furniture,United States
Jimmy Johnson,United States
The Shangri-Las,United States
The Stems,Australia
George Michael,United Kingdom
Bob Cheevers,United States
Rubyhorse,Ireland
The Shirelles,United States
Irma Thomas,United States
Dwight Twilley,United States
Percy Mayfield,United States
John Michael Talbot,United States
Robin Fox,United States
Ginny Owens,United States
Buddy Jewell,United States
Bizarre Inc,United Kingdom
Felix Slatkin/Concert Arts Symphonic Band,United States
Whitesnake,United Kingdom
Smiley,United States
Don & Juan,United States
Mac Dre,Colombia
Casey Bill Weldon,United States
Santana,United States
Grachan Moncur III,United States
Leroy Van Dyke,United States
Terry Callier,United States
The Sugarhill Gang,United States
The MC5,United States
M83,France
Steve Harvey,United States
Steve Smith,United States
Natasha Bedingfield,United Kingdom
089 Clique feat. Minnesota Snipe & Skinny Cueball,Germany
Scar Symmetry,Sweden
Joell Ortiz,United States
Brian Eno And David Byrne,United States
The Fabulous Thunderbirds,United States
Steel Rain,United States
Kitty Kallen,United States
Jay & The Americans,United States
Howard Armstrong,United States
Judy Mowatt,Jamaica
James Horner,United States
Daddy Yankee / Bounty Killer,Puerto Rico
MxPx,United States
Kris Kristofferson,United States
The Flesh,United States
Clarence Gatemouth Brown,United States
Bobby Vee,United States
Messy Marv featuring Clover Geez,United States
Len Barry,United States
The Weegs,United States
Sam Baker,United States
Bob Margolin,United States
Toots Thielemans,Belgium
Hurricane,United States
Amil,United States
Pete Miser,United States
Angels,Australia
Hawkshaw Hawkins,United States
Klimperei,France
Hem,United States
Becoming The Archetype,United States
Speech,United States
Major Lance,United States
Proficy,United States
G.G. Allin,United States
Goose,United States
Alexander O'Neal,United States
B.A.D.,United Kingdom
Lightforce,Australia
Red Stick Ramblers,United States
The Ronettes,United States
Bill Perkins,United States
Rising Lion,United States
The Marx Brothers,United States
3 Way Funk,United States
Alas,United States
Laurindo Almeida / Carlos Barbosa-Lima / Charlie Byrd,Brazil
Alvin Youngblood Hart,United States
Jimmie Vaughan,United States
Claire Hamill,United Kingdom
Every Time I Die,United States
Freakhouse,United States
RIDDLIN' KIDS,United States
Jonathan Edwards / Will Ferrell,United States
DJ Primo,United States
Take It Back!,United States
Jessie Lee Miller,United States
Tony Joe White,United States
Joe Lopez,United States
Bobby Darin,United States
Carlton Livingston,Jamaica
Jimmy Hughes,United States
Little Willie John,United States
Orbital,United Kingdom
Irwin Goodman,Finland
Dave Valentin,United Kingdom
Andre Verchuren,France
Blue Rodeo,Canada
Richie McDonald,United States
Larissa,United States
Fountains Of Wayne,United States
Nu Flavor,United States
Syl Johnson,United States
Sneaky Sound System,Australia
Sonny Simmons,United States
Amoral,Finland
Billy Pilgrim,United States
Gonzalo Rubalcaba,Cuba
Martin Denny,United States
Jake Hess,United States
Mothers Pride,Switzerland
Public Image Ltd,United Kingdom
Eurythmics,United Kingdom
Steve Wilson,United States
Paris_ Texas,United States
Marc Lavoine,France
Diamond D,United States
Blind Willie Johnson,United States
Bobby Bland,United States
UK Subs,United Kingdom
Stan,United Kingdom
C.J. Chenier,United States
Pedro Aznar,Argentina
Très,United States
Light Of The World,United Kingdom
Kieran,United States
Lonnie Johnson,United States
Tim Wilson,United States
Sue Foley,Canada
Concretes,Sweden
Brand X,United States
Gisele MacKenzie,Canada
Killswitch Engage,United States
Symphony in Peril,United States
Alphonse Mouzon,United States
Shawn Colvin,United States
Michael Whalen,United States
Skeeter Davis,United States
Samba Mapangala and Orchestra Virunga,Kenya
John Fogerty,United States
Jesse Malin and The St. Marks Social,United States
Midwest Product,United States
Alternative TV,United Kingdom
Rui Da Silva,United Kingdom
Prozak,United Kingdom
Sunscreem,United Kingdom
Sleepy John Estes,United States
Blind Lemon Jefferson,United States
Viktor Krauss,United States
Play,Sweden
T-la Rock,United States
Shifty,United States
Guy Forsyth,United States
Jerry Reed,United States
Tommy Overstreet,United States
Gil Semedo,The Netherlands
Plasmatics,United States
Raphael,France
The Radio Dept,Sweden
Rocker-T,United States
Charles Williams,United States
Bottom Of The Hudson,United States
Serpentine,Switzerland
DJ Vix,United Kingdom
Elvira,United States
Ram Squad,United States
Hot Tuna,United States
Rhian Sheehan,New Zealand
Spitfire,Greece
Virtuoso,United States
Peter Spence,United Kingdom
Fabri Fibra,Italy
Paul Stanley,United States
Doyle Bramhall,United States
Peter Gallagher,Ireland
Bitter End,Brazil
Giuseppi Logan,United States
Onesidezero,United States
The Jackson Southernaires,United States
We Five,United States
Scott Krippayne,United States
Goatwhore,United States
Rusted Shut,United States
Everly Brothers,United States
Johnny Nash,United States
Cauterize,United States
Tiny Bradshaw,United States
Lit,United States
Kings Of Leon,United States
Groupa,Sweden
Astarte,Greece
Cristy Lane,United States
Slim Whitman,United States
Rancid,United States
Jay Tee & Baby Bash,United States
Dottie West,United States
Recluse,United States
The Rolling Stones,United Kingdom
Swim,Italy
Aeoliah,Canada
Alan Silvestri,United States
Junior M. A. F. I. A.,United States
T.O.K.,United States
Los Van Van,Cuba
Pursuit Of Happiness,Canada
Axe,United Kingdom
April Wine,Canada
Damita Jo,United States
David Cook,United States
Skyforger,Latvia
Bedrock,Namibia
Broadcast,United Kingdom
Marion Harris,United States
Julissa,United States
Jamie Richards,United States
Leland Martin,United States
Percy Faith,Canada
Daniela Dessì,Italy
Pearl Jam,United States
Bo Carter,United States
Dobby Dobson,United States
Bryan White,United States
Bobby Marchan,United States
Jeff Talmadge,Canada
Charles Aznavour,United States
The Starting Line,United States
2XL,United States
Taking Back Sunday,United States
Bury Your Dead,United States
Mudhoney,United States
Stew,United States
Buckeye Politicians,United States
Gloriana,United States
Sofia Karlsson,Sweden
Marcus Miller,United States
Pennywise,United States
Cliff Bruner,United States
Fenton Robinson,United States
The Mustangs,United States
Ronnie Milsap,United States
Maria Muldaur,United States
MIMS,United States
Brenda Lee,United States
Smidi Beats,United States
North Mississippi Allstars,United States
Scott Ainslie,United States
Eliane Elias,Brazil
Fernando Ortega,United States
Commissioned,United States
Tony Martin,United States
The Highwaymen,United States
Y&T,United States
Jacques Higelin,France
Righteous Brothers,United States
JennyAnyKind,United States
Big Dee Irwin,United States
Connie Smith,United States
Cecilia Bartoli / International Chamber Soloists / Orchestra La Scintilla / Adam Fischer,Italy
Cómplices,Brazil
Tina Britt,United States
Jimmy McGriff,United States
La 5A Estacion,Kingdom of Norway
Kool Moe Dee,United States
Cotton Candy,United States
Black Messiah,Germany
Kathy Troccoli,United States
Peloton,United States
Faye Adams,United States
The Allies,United States
The Exciters,France
David Taylor,United States
Kofi,United States
Rachel Loy,United States
Harry Choates,United States
Geoff Muldaur,Brazil
Alias,United States
Jeff Beck,United Kingdom
Big Daddy Kane,United States
Screaming Lord Sutch,United Kingdom
Roy Rogers,United States
Coffinberry,United States
Sick Of It All,United States
Karen Peck And New River,United States
Laura Leon,United States
L.A. Guns,United States
DJ Icey,United States
Albert Collins,United States
Jackie Wilson,United States
Buzzhorn,United States
Static-X,United States
Brian Keane,United States
Stewart Francke,United States
Grant And Wilson,United States
Eddy Raven,United States
Migraine,United States
T-Bone,South Africa
Eugene McDaniels,United States
The Mad Capsule Markets,Japan
Hiram Bullock,Japan
Stanley Clarke,United States
Maxi Priest,United Kingdom
Nick Ingman;Gavyn Wright,United Kingdom
Alice Stuart,United States
The Dylans,United Kingdom
Hermeto Pascoal,Brazil
David Arkenstone,United States
Jaime Jamgochian,United States
Billy Walker,United States
Sportsguitar,Switzerland
Tarheel Slim,United States
David Rose,United States
BMX Bandits,United Kingdom
Paul Taylor / Terry Dexter,United States
Primordial,Ireland
Will Ackerman,Germany
Richard Souther,United States
Jackie Edwards,Jamaica
Vivian Khor,United States
Buddy Miles,United States
Agency 1.9.9.4,United States
Grant Geissman,United States
Loop Guru,United Kingdom
Kerson,United States
Omni,United States
Sugar Minott,Jamaica
REX ALLEN JR.,United States
The Irish Rovers,Canada
Ultimate Fakebook,United States
Architecture In Helsinki,Australia
Bryan Ferry,United Kingdom
Ebba Forsberg,Sweden
Sweet,United Kingdom
Crucial Conflict,United States
Dirty Harry,United States
David & Steve Gordon,United States
Yank Rachell,United States
Morton Gould,United States
Milo,United States
David Bowie,United Kingdom
Leana,United States
Javier Mendoza Band,United States
Barbara Carr,United States
Jah Legacy,France
Delbert McClinton,United States
The Jam,United Kingdom
Clockwise,Canada
Long John Hunter,United States
Elvin Bishop,United States
Joselito,Spain
Andréa,United Kingdom
Asha Puthli,India
Mike Brooks,Jamaica
John Holt,Jamaica
James Blackwood with The Light Crust Doughboys,United States
The Forms,United States
Max Steiner,Austria
Be Bop Deluxe,United Kingdom
Herb Alpert And The Tijuana Brass,United States
Kyle Riabko,Canada
Foghat,United States
Olivia Ruiz,France
Angela Lashley,United States
Bambino_ Ivan Tirado,United States
Bob Hope,United Kingdom
Britny Fox,United States
Dive,United States
Ndala Kasheba,Tanzania
Orchestra e Coro del Palacio de Bellas Artes Di Cittá del Messico_ Oliviero De Fabritiis_ Maria Call,United States
Gordon Jenkins,United States
Shamen,United Kingdom
Nine Inch Nails,United States
George Schuller,United States
Coco Montoya,United States
David Johansen,United States
Faron Young,United States
Lorna,United Kingdom
Moon Mullican,United States
Marlene Dietrich,Germany
Arika Kane,United States
Equilibrium,United States
Chris Vickery,Canada
BoDeans,United States
The Antlers,United States
Ron Goodwin,United Kingdom
Terje Lie,United States
Jeanne Pruett,United States
Photek,United Kingdom
Joe Rogan,United States
B.o.B,United States
Deborah Allen,United States
Kooii,Australia
The Keys,United Kingdom
Murderdolls,United States
The Jason Bonham Band,United States
Rihanna,Barbados
Trafik,United States
The Birds,United Kingdom
The Booth Brothers,United States
Janet Paschal,United States
Gang Of Four,United Kingdom
Marilyn Scott,United States
Los Fabulosos Cadillacs,Argentina
Lacy J. Dalton,United States
Throw The Fight,United States
Al Rapone,United States
Inspector 9,United States
Tommy James & The Shondells,United States
Abraham Laboriel,Mexico
Billy Price_ Fred Chapellier,United States
Terror Squad featuring Big Pun,United States
Scarlet's Remains,United States
Creedence Clearwater Revived,Italy
Vodka Collins,Japan
Philip Glass,United States
Hot Live Guys,Canada
Modern Lovers,United States
The Sonics,United States
Barbara Lusch,United States
Rockabye Baby!,United States
Sergio Franchi,Italy
Bonita & Jerry Cormier,Indonesia
Don Francisco,United States
The Stooges,United States
Mandi,United Kingdom
Vana,South Africa
Crabby Appleton,United States
King Curtis with Jack Dupree,United States
Frederick Knight,United States
Georges Brassens,France
T.G.Sheppard,United States
Emilia,United States
Daryl Coley,United States
The Cars,United States
Tad,United States
Jerry Goldsmith,United States
Willy DeVille,United States
Gustavo Santaolalla,Argentina
Tammy Wynette,United States
Eddie Palmieri,United States
Misty Roses,United Kingdom
Marygold,Italy
Kinky,Mexico
Shaman,Brazil
The Dillinger Escape Plan,United States
Hollowtip,United States
Cam'Ron / Juelz Santana,United States
Arthur Tracy,Moldova
David Martin,United States
Grandmaster Flash,United States
Daughters,United States
Thomas Dolby,Egypt
Unison,United States
The Box Tops,United States
Theodis Ealey,United States
Frank Caliendo,United States
Liquid Spill,Germany
Atreyu,United States
Terry Muska,United States
Vangelis,Greece
Norrie Paramor,United Kingdom
Fergie,United States
Kanda Bongo Man,Democratic Republic of the Congo
Dave Eggar,United States
Emilio,United States
Johnny Copeland,United States
The Villas,United States
Tha Alkaholiks,United States
Lynn August,United States
Dictators,United States
The Jane Shermans,United States
Jericho,Canada
Vincenzo,France
Cross Country,United States
Inner Circle,Jamaica
Jack Off Jill,United States
The Distillers,United States
The Smashing Pumpkins,United States
Jimmy Wyble,United States
A Skylit Drive,United States
Lionel Rogg,Switzerland
Leo Gandelman,Brazil
William Coulter,United States
Benga,United Kingdom
Ambient Music Therapy,United States
Suicidal Tendencies,United States
Turisas,Finland
Pantanito,Spain
Jimmy Cliff,Jamaica
Sophie B. Hawkins,United States
Chroma Key,Canada
Circle Jerks,United States
Nightfall,Colombia
LL Cool J / Freeway,United States
The Primitives,United Kingdom
Billy Higgins_ Bob Berg_ Cedar Walton_ Tony Dumas,United States
Arturo Sandoval,Cuba
2raumwohnung,Germany
Mannheim Steamroller,United States
Isaacs,United States
Kingston Trio,United States
Tigerstyle,United Kingdom
Curtis Mayfield,United States
We Show Up On Radar,United Kingdom
Yahir,Mexico
Jinx,Croatia
Oscar Pettiford,United States
Belphegor,United States
Jimmy Page / Robert Plant,United Kingdom
Cheo Feliciano,Puerto Rico
THE CHIFFONS,United States
Heavy D / McGruff,Jamaica
Ino,Canada
Keb'Mo',United States
Al Duvall,United States
Lari White,United States
Chico,United States
Adrenaline,United States
Lou Reed,United States
M.I.K.E.,United States
Reni,United Kingdom
Nolwenn Leroy,France
UFO,United States
Ed Bruce,United States
Walter Jackson,United States
Joey McIntyre,United States
Tim Hughes,Canada
Selena,United States
Pelle Carlberg,Sweden
Electrostatic,United States
Kokane,United States
BLEED THE SKY,United States
Pinch feat. Rudey Lee,United States
The Chap,United Kingdom
Mindless Self Indulgence,United States
Ashes to Ashes,Kingdom of Norway
Mae West,United States
Jeff Wahl,United States
Fiona,United States
Cockney Rejects,United Kingdom
Missy Higgins,Australia
Khold,Kingdom of Norway
Danielle Bollinger,United States
The Clancy Brothers;Tommy Makem,Ireland
Willie Bobo,United States
Hot Club Of Cowtown,Australia
George Hamilton IV,United States
Rainforest Trio,United States
Yami Bolo,United States
Ernest Ranglin / Floyd Lloyd,Jamaica
Angélica María,United States
Vanessa Bell Armstrong,United States
Jimmy Burns,United States
Jimmie Davis,United States
Semisonic,United States
Nickelback,Canada
Nana Mouskouri,Greece
Happy Mondays,United Kingdom
Tiny Tim,United States
John Cephas & Phil Wiggins,United States
Dyango,United States
New Roanoke Jug Band,United States
Limbonic Art,Kingdom of Norway
Slim Harpo,United States
Lupe Fiasco,United States
Tex Williams,United States
Chaotica,United States
Guitar Shorty,United States
Owsley,United States
Taste,Ireland
Sara Melson,United States
Humble Pie,United Kingdom
Sylvester Weaver,United States
Billie Ray Martin Feat. Ann Peebles,Germany
Hatebreed (int License),United States
The Ataris,United States
Death SS,Italy
Guitar Slim,United States
Ed Calle,United States
Jimmy Nelson,United States
Butthole Surfers,United States
The Incurables,United States
Art Ensemble Of Chicago,United States
John Mayall,United Kingdom
Clannad,Ireland
At The Gates,Sweden
Eldar,United States
A Static Lullaby,United States
Mush,Switzerland
Mistress,United States
Deborah Coleman,United States
Black Flag,United States
Grandpa Jones,United States
John Davis,United States
Ill Nino,United States
Luiz Bonfa,Brazil
Anthony Watson,United States
Junior Parker,United States
Morel,United States
Sapo,United States
Roger McGuinn,United States
Jimmy Wakely,United States
Bomb Squad,United States
The Ocean,Canada
Arthur Fiedler;Earl Wild;Pasquale Cardillo,United States
Cumberland Quartet,United States
Thirst,United Kingdom
Nic Endo,United States
Mr Brown,United States
Josh White,United States
The Verve Pipe,United States
Lester Bowie,United States
Bert Kaempfert,Germany
Linkin Park,United States
Brian Littrell,United States
Bobbie Gentry,United States
Since The Flood,United States
Sonny James,United States
John P. Kee,United States
Leeroy Stagger,Canada
Muse,United Kingdom
Stern,United States
The Perrys,United States
Pee Wee Crayton,United States
Eddie Boyd,United States
Leila Chicot,France
Marcie Blane,United States
Bruce Rowland,Australia
Janice Robinson,United States
Farlow-Kirch Band,United States
Grizzly Bear,United States
Frankie Negron,United States
J-MACK,United States
Bongzilla,United States
Freddie Roulette,United States
Dynamite Deluxe,Germany
Melatonin,Kingdom of Norway
Legion Of Green Men,Canada
The Advantage,United States
Atom,United States
From Dying Skies,France
Z.Z. Hill,United States
Lonnie Brooks,United States
Radney Foster,United States
Kevin Max,United States
Scott Weiland,United States
Blind Willie McTell,United States
Little Eva,United States
California Oranges,United States
Orquesta Aragón,Cuba
Pacha Massive,United States
Martha Wainwright,United States
Jimmy McCracklin,United States
Lou Ann Barton,United States
Jackie Davis,United States
The Paynes,United States
Click / Click_ M_Ferri,United States
Ray Pillow,United States
Los Cumbieros Del Sur,Mexico
Art Ensemble Of Chicago,United States
Sex Machine ft. Shèna,United States
Karlheinz Stockhausen,Germany
Assassin,United States
Mayday,United States
Buffalo Nickel Band,United States
Cachao,Cuba
Kurupt_ Rosco_ Jayo Felony & 40 Glocc,United States
Ray Boltz & Steve Millikan,United States
Nerf Herder,United States
Kim Wilson,United States
Peggy Lee,United States
HardNox,United States
The Cutting Edge,United States
Eddie Cantor,United States
James Hunter,United States
Adolph Hofner,United States
Shelley Fabares,United States
Marquez the Greatest,United States
N.W.A.,United States
Ghetto Mafia,United States
Protein,United States
Eric Burdon,United Kingdom
Otis Taylor,United States
Bobaflex,United States
Joey Negro,United Kingdom
Dennis Brown,Jamaica
Chango Spasiuk,Argentina
Frank Stokes,United States
Big Star,United States
The Rascals,United States
Ty Herndon;Stephanie Bentley,United States
Stevie Ray Vaughan And Double Trouble,United States
Malcolm McLaren,United Kingdom
Through the Eyes of the Dead,United States
Elmore James,United States
Edmundo Ros,Venezuela
Donny Hathaway,United States
Johnny Horton,United States
Plump DJs,United Kingdom
Marvin Sapp,United States
Charley Patton,United States
Roger Williams,United States
The High Strung,United States
Princess Lover,Martinique
PMD,United States
Frank Ifield,United Kingdom
Ray Davies,United Kingdom
Young-Holt Unlimited,United States
Mystery,United States
Lord Sterling,United States
Harry Lauder,United Kingdom
Neema,Canada
Rocket From The Tombs,United States
Shelby Flint,United States
Doc Pomus,United States
Grupo Batuque,Brazil
Mikey General,Jamaica
Agnes,Sweden
Blackalicious,United States
Karnig Sarkissian,United States
K.T. Oslin,United States
Dan Moretti,United States
Crystals,Nigeria
Lisa Lynne,United States
Walter Hawkins,United States
Prisma,Switzerland
Moros Eros,United States
Michal,United States
Luis Alberto Spinetta,Argentina
Beth Nielsen Chapman,United States
Big Maybelle,United States
Wonderland,United States
Bobby Hutcherson,United States
Way Out West,United Kingdom
Walter Trout,United States
Charlie Walker,United States
Lil Wayne,United States
The Chi-Lites,United States
Boots Randolph,United States
Passion,United States
Leo Dan,Argentina
Willie Clayton,United States
The Doors,United States
Dino,United States
Delirious,United States
Janie Fricke,Canada
The Tragically Hip,Canada
JK,United States
Bobby Broom,United States
Cadacross,Finland
Kristine W.,United States
Lou Reid & Carolina,United States
Blind Boy Fuller,United States
Fuzz,United States
Music Explosion,United States
Tyrone Davis,United States
Lifehouse,United States
Diamanda Galas,United States
Attack Attack,United States
The Summer Obsession,United States
Wednesday 13,United States
Dave Weckl,United States
Eighteen Visions,United States
Loudon Wainwright III,United States
Jerry Lewis,United States
The Waybacks,United States
Rah Digga (Featuring Outsidaz),United States
Open Hand,United States
Kate Maki,United States
Graham Central Station,United States
Gail Davies,United States
Del Tha Funkee Homosapien,United States
Tommy Castro,United States
Carl Davis,United States
The Mighty Clouds Of Joy,United States
Gerald Veasley,United States
Sub Swara,United States
Cancer Bats,Canada
Daniel Paul,United States
D.R.S.,United States
Emit,United States
David Palmer,United Kingdom
The Funeral Pyre,United States
Dominic,United States
Livingston Taylor,United States
Billy Butler,United States
Månegarm,Sweden
Al Di Meola,United States
The Color Red,United States
Dale Hawkins,United States
Leroy Hutson,United States
Tunsi,United States
Dolce; Orange Factory,United States
Shakedown,United States
Annie Minogue Band,United States
Enuff Z Nuff,United States
Hank Penny,United States
Vonray,United States
Constance Demby,United States
The Creation,United Kingdom
No Address,United States
Rob Mullins,United States
Arsonists Get All The Girls,United States
Liars,United States
Ana Popovic,Serbia
The Sterns,United States
Miossec,France
Tommy Makem;The Clancy Brothers,United States
Jazz Gillum,United States
AFS,United Kingdom
Sugar Ray,United States
Julien Clerc,France
JERRY WALLACE,United States
Edgar De L'est,France
Annie Lennox,United Kingdom
Drop Dead_ Gorgeous,United States
The Cure,United Kingdom
Home Town Hero,United States
Tommy Sands,United States
Eberhard Weber,Germany
Double Image,United States
ZO2,United States
Ian Moore,United States
Faces,United Kingdom
Sonny Landreth,United Kingdom
Gabriela Anders,United States
Jim Chappell,United States
Orquesta Sublime,Cuba
Souls Of Mischief,United States
Richard Galliano,France
Joe Turner_ Joe Houston_ L. C. Williams,United States
Negura Bunget,Romania
Papa Wemba,Democratic Republic of the Congo
Evergreen Terrace,United States
Aftermath,Colombia
Philippe Sarde,France
Geddy Lee,Canada
Stickboy,United States
Rick Astley,United Kingdom
Ma Rainey,United States
ARRESTED DEVELOPMENT,United States
Eleanor McEvoy,Ireland
Helen Love,United Kingdom
Pelt,Jamaica
Workhorse,United States
Dhamika,Sweden
Nancy Walker,United States
The Who,United Kingdom
Epidemic,United Kingdom
Lesley Gore,United States
Baby Grand,United States
The Suicide Machines,United States
Elmer Bernstein,United States
Eddie Money,United States
Circular,Kingdom of Norway
HA-ASH,United States
Babe Ruth,United Kingdom
Ann Nesby,United States
Carman featuring Commissioned & The Christ Church Choir,United States
Lady GaGa,United States
Mighty Joe Young,United States
Vex'd,United Kingdom
Sylvia Tosun,United States
Cyril Pahinui,United States
Howie Day,United States
Cargo Cult,United Kingdom
NewFound Road,United States
Pee Wee King,United States
Barbara Lynn,United States
Faithless,United Kingdom
Dave And Ansel Collins,Jamaica
Jude Cole,United States
SWAMI featuring Asuivre,United Kingdom
The Merry Macs,United States
Adrienne Pierce,Canada
Oh No,United States
Tinariwen,Mali
Tanika Turner,United States
Nights Like These,United States
Jennifer Clarke,Ireland
Nestor Torres,United States
Dub Pistols feat. TK & JMS,United Kingdom
Malina,Italy
The Cliks,Canada
Lot Lorien,Bulgaria
Jennifer Brown,United States
Patrick Lamb,United States
Becky Baeling,United States
Patti Smith,United States
Molesta Ewenement,Poland
Hotwire,United States
Jean-michel Rotin,France
Jim Bryson,Canada
Pictures of Then,United States
Carl Belew,United States
Jenney,Sweden
Lockwood,United States
Ray Conniff,United States
Willie Clancy,Ireland
H-Town,United States
Kathleen Madigan,United States
Tom Cochrane,Canada
Miguel Migs,United States
John Sebastian,United Kingdom
The Ghost Of Lemora,United Kingdom
Avril Lavigne,Canada
Bill Perry,United States
Sandi Thom,United Kingdom
Floyd Cramer,Afghanistan
Our Time Down Here,United Kingdom
Kamelo Punto Semos,Spain
Sensations,United States
Gene Chandler,United States
Chatelaine,United Kingdom
Debra Laws,United States
Pat Travers,Canada
Metsatöll,Estonia
The Tall Grass,Canada
Tigertailz,United Kingdom
Poncho Sanchez,United States
Peppermint Creeps,United States
Ray Sandoval,United States
Venice,United States
Blessid Union Of Souls,United States
Choir & Great Symphony Orchestra of the All-Union Radio_ N. Shpiller_ S. Krassovsky_ V. Gagarina & N,United States
Cindy Morgan,United States
Bizzy Bone Presents,United States
Paul Carrack,United Kingdom
Dabbler,Canada
Jeckyll & Hyde,The Netherlands
Converge,United States
Perfection,Sweden
Marc Broussard,United States
Emperor,Kingdom of Norway
Royal S,Switzerland
Moist,Canada
Ed Ames,United States
Cliff Edwards/Disney Studio Chorus,Canada
Maurane / Lara Fabian,Belgium
Georgia Satellites,United States
Vincenzo Bellini,Italy
Albert Ayler,United States
Uman,Belgium
Kiril Valeri,Spain
Bessie Smith,United States
Cool cavemen,France
Louie Ramirez,United States
Zachary Richard,United States
Virus,United Kingdom
Byther Smith,United States
Jonn Serrie,United States
Gene Autry,United States
Carolyn Arends,Canada
Daniel Kobialka,United States
Steve Porter,United Kingdom
Stargarden,United States
Leaders Of The New School,United States
Los Muñequitos De Matanzas,United States
Shout Out Out Out Out,South Korea
Tito Rodriguez,Puerto Rico
Jars Of Clay,United States
Gruppo Jazz Marca,United Kingdom
Unkle Bob,United Kingdom
Cali,France
Justin,United States
The Cate Brothers,United States
Lee Michaels,United States
Enthroned,Belgium
Fontella Bass,United States
Ladybug,United States
The Family Stand,United States
SAF,Belgium
Big Mama Thornton with Kansas Bill and his Orchestra,United States
The Moody Blues,United Kingdom
Mindy McCready,United States
Paul Geremia,United States
Bill Cosby,United States
Dons,United States
Antigone Rising,United States
Herbst9_ Z'ev,Denmark
Warner mack,United States
Ideal,United States
Babylon Disco,Sweden
Elliot Goldenthal,United States
Jim Reeves,United States
Martriden,United States
Davol,United States
Taboo,South Africa
Rooney,United States
Delroy Wilson,Jamaica